{"average_weights_event": 1.0, "_timestamp": 1689870125.8230772, "_runtime": 90.39363312721252, "_step": 1, "n_online": 1, "_wandb": {"runtime": 89}}