{"average_weights_event": 1.0, "_timestamp": 1689872095.0917702, "_runtime": 95.64318823814392, "_step": 1, "n_valid_state_dicts": 1, "_wandb": {"runtime": 94}}