{"average_weights_event": 1.0, "_timestamp": 1689871248.123075, "_runtime": 51.47166609764099, "_step": 1, "n_online": 1, "_wandb": {"runtime": 51}}