{"average_weights_event": 1.0, "_timestamp": 1689871798.521439, "_runtime": 60.01404309272766, "_step": 0, "_wandb": {"runtime": 232}}