{"average_weights_event": 1.0, "_timestamp": 1689871610.0207438, "_runtime": 12.670052766799927, "_step": 0, "_wandb": {"runtime": 20}}