{"average_weights_event": 1.0, "_timestamp": 1689871441.8920908, "_runtime": 50.55723690986633, "_step": 0, "_wandb": {"runtime": 61}}